<?xml version="1.0" encoding="utf-8" ?>
<dwsync>
<file name="r_anharm_spec.png" server="Z:/Active_Projects/GaussView6_Help/" local="131232680590000000" remote="131232680590000000" Dst="1" />
<file name="subjob0.png" server="Z:/Active_Projects/GaussView6_Help/" local="131237149200000000" remote="131237149200000000" Dst="1" />
<file name="subjob_scjm.png" server="Z:/Active_Projects/GaussView6_Help/" local="131237149350000000" remote="131237149350000000" Dst="1" />
<file name="sc_ctxt_types.png" server="Z:/Active_Projects/GaussView6_Help/" local="131238738295185680" remote="131238738290000000" Dst="1" />
<file name="sc_queue.png" server="Z:/Active_Projects/GaussView6_Help/" local="131238768410710256" remote="131238768410000000" Dst="1" />
<file name="sc_submit.png" server="Z:/Active_Projects/GaussView6_Help/" local="131238777518724056" remote="131238777510000000" Dst="1" />
<file name="sc_running.png" server="Z:/Active_Projects/GaussView6_Help/" local="131238766477573311" remote="131238766470000000" Dst="1" />
<file name="sc_done.png" server="Z:/Active_Projects/GaussView6_Help/" local="131238772569536106" remote="131238772560000000" Dst="1" />
<file name="sc_jobtypes.png" server="Z:/Active_Projects/GaussView6_Help/" local="131238773951102192" remote="131238773950000000" Dst="1" />
<file name="c_gmmx.png" server="Z:/Active_Projects/GaussView6_Help/" local="131238782496836241" remote="131238782490000000" Dst="1" />
<file name="c_gmmx_2.png" server="Z:/Active_Projects/GaussView6_Help/" local="131238783681190099" remote="131238783680000000" Dst="1" />
<file name="resultsvibrontrans.png" server="Z:/Active_Projects/GaussView6_Help/" local="131238796229033863" remote="131238796220000000" Dst="1" />
<file name="s_basic.png" server="Z:/Active_Projects/GaussView6_Help/" local="131238798298002752" remote="131238798290000000" Dst="1" />
<file name="i_prefrest.png" server="Z:/Active_Projects/GaussView6_Help/" local="131093720240000000" remote="131093720240000000" Dst="1" />
<file name="r_nmr_plotprop.png" server="Z:/Active_Projects/GaussView6_Help/" local="131238811288198909" remote="131238811280000000" Dst="1" />
<file name="s_basic_context.png" server="Z:/Active_Projects/GaussView6_Help/" local="131238907784926774" remote="131238907780000000" Dst="1" />
<file name="c_gmmx_highlight.png" server="Z:/Active_Projects/GaussView6_Help/" local="131242321425683840" remote="131242321420000000" Dst="1" />
<file name="c_gmmx_highlight_2.png" server="Z:/Active_Projects/GaussView6_Help/" local="131242331993558573" remote="131242331990000000" Dst="1" />
<file name="o_dir_remove.png" server="Z:/Active_Projects/GaussView6_Help/" local="131242336741851738" remote="131242336740000000" Dst="1" />
<file name="pick_dir_adv.png" server="Z:/Active_Projects/GaussView6_Help/" local="131242351488609095" remote="131242351480000000" Dst="1" />
<file name="r_nmr_1.png" server="Z:/Active_Projects/GaussView6_Help/" local="131242969993315865" remote="131242969990000000" Dst="1" />
<file name="r_nmr_2.png" server="Z:/Active_Projects/GaussView6_Help/" local="131242970098097713" remote="131242970090000000" Dst="1" />
<file name="save_adv_files.png" server="Z:/Active_Projects/GaussView6_Help/" local="131268272130000000" remote="131268272130000000" Dst="1" />
<file name="s_filelist_2.png" server="Z:/Active_Projects/GaussView6_Help/" local="131268288070000000" remote="131268288070000000" Dst="1" />
</dwsync>